{"cameraMode":{"drawMode":0,"name":"Shaded","section":"Shading Mode"},"sceneLighting":true,"audioPlay":false,"sceneViewState":{"m_AlwaysRefresh":false,"showFog":true,"showSkybox":true,"showFlares":true,"showImageEffects":true,"showParticleSystems":true,"showVisualEffectGraphs":true,"m_FxEnabled":true},"in2DMode":false,"pivot":{"x":15.335060119628907,"y":-1.3528013229370118,"z":16.589691162109376},"rotation":{"x":0.26434049010276797,"y":0.050604045391082767,"z":-0.013890620321035385,"w":0.9630009531974793},"size":13.8351411819458,"orthographic":false}